"Keuangan - Pengajuan Bantuan Keuangan","Pengajuan Bantuan Keuangan dapat mengisi form pada sibaku.ub.ac.id"
"Keuangan - Pencairan Saldo UKT","<ol><li>Silahkan mengajukan permohonan pencairan saldo ukt dengan cara membuat surat permohonan (format bebas,rapi dan sopan) dilampiri foto/scan bukti bayar UKT semester bersangkutan serta halaman depan buku rekening. Berkas permohonan dikirim ke email <a href=""mailto:tupusatub@gmail.com"">tupusatub@gmail.com</a>"
"keuangan - cek siam untuk tagihan","Update Tagihan pada SIAM sdra, apabila Besaran Nominal sudah sesuai Pengajuan sdra silahkan segera melakukan Pembayaran"
"Keuangan - Kriteria 50%","Kriteria yang mendapat bantuan 50% adalah bagi Mahasiswa S1 dan D4 tingkat akhir yang berada pada <strong>Semester 9 (Sembilan) dan Seterusnya yang sudah menempuh sekurang - kurangnya 138 SKS serta mengambil mata kuliah kurang dari atau sama dengan 6 (enam) SKS.</strong> Berikut merupakan Ketentuan kriteria yang menjadi <strong>kesatuan </strong>(dimana Semester 9, minimal 138 sks, dan program Skirpsi), <strong>bukan hanya salah satu</strong> kriteria yang dapat dipenuhi untuk mendapat Bantuan tsb."
"Registrasi Mahasiswa Lama","Berikut kami informasikan Registrasi Mahasiswa Lama dapat dilihat <a href=""https://ub.ac.id/id/pengumuman-registrasi-mahasiswa-lama-universitas-brawijaya-semester-ganjil-2021-2022-program-diploma-sarjana-dan-pascasarjana/"">disini<br /></a> <br />"
"Keuangan - Jadwal Bantuan Keuangan","Jadwal Bantuan Keuangan Mahasiswa Lama dapat diakses <a href=""https://bantuankeuangan.ub.ac.id/"">disini</a>"
"Keuangan : Tata Cara Pembayaran","Untuk melakukan pembayaran UKT, SPP, IPI dapat dilihat pada laman <br /><a href=""https://selma.ub.ac.id/tata-cara-pembayaran/"">https://selma.ub.ac.id/tata-cara-pembayaran/</a>"
"Keuangan : Terlambat Pengajuan Bantuan Keuangan","Untuk permohonan pengurangan UKT dilakukan melalui satu pintu pada sibaku.ub.ac.id dan dikarenakan sibaku telah ditutup Saudara disilahkan mengajukan pengurangan UKT di semester berikutnya. Sedangkan untuk pengajuan angsuran disilahkan mengajukan permohonan tertulis ditujukan kepada Wakil Dekan II FILKOM UB. Untuk surat permohonan berupan surat pribadi dan tidak ada format khusus. Silahkan diajukan dengan format rapi dan sopan dan dikirim via halofilkom dengan nomor tiket yang sama.<br />Terima Kasih."
"Keuangan - Pencairan Beasiswa Kemendikbud","Silahkan membuat surat dilampiri bukti bayar dan buku hal depan rek ybs dikirim ke tupusatub@gmail.com"
"Keuangan : Tidak dapat upload Berkas Yudisium","Proses upload menunggu penerbitan SK Yudisium dengan perkiraan tanggal 16 Agustus 2021 atau lebih, mohon update dalam SIAM"
"Keuangan - Bantuan UKT dan UKT Kemendikbud Ristek","Terkait detail prosedur masih menunggu informasi lebih lanjut dari kemendikbudristek. Sampai saat ini dari Kemendikbudristek masih ada informasi berikut saja <a href=""https://www.kemdikbud.go.id/main/blog/2021/08/kemendikbudristek-lanjutkan-pemberian-bantuan-kuota-data-internet-dan-uang-kuliah-tunggal-tahun-2021"" target=""_blank"">https://www.kemdikbud.go.id/main/blog/2021/08/kemendikbudristek-lanjutkan-pemberian-bantuan-kuota-data-internet-dan-uang-kuliah-tunggal-tahun-2021</a> Harap follow media sosial filkom di IG (filkomub) dan twitter (filkomUB) untuk bisa mendapat update terbaru jika ada informasi terkait pengajuan bantuan tersebut. Terima kasih"
"Kemahasiswaan - Tahapan pendaftaran Wisuda","Berikut adalah tahapan pendaftaran wisuda FILKOM UB: 1. unggah dokumen di SIAM<br />2. mengisi gform di tautan berikut <a href=""https://filkom.ub.ac.id/kemahasiswaan/layanan-kemahasiswaan/"" target=""_blank"">https://filkom.ub.ac.id/kemahasiswaan/layanan-kemahasiswaan/</a><br />3. verifikasi data ijazah dan transkrip ke Bpk. Joko melalui Yudisium WA Center di nomor 081132007577 (wa message only)<br />4. mengisi data tracer studi melalui *bit.ly/TracerFilkom*<br />5. setelah menyelesaikan 4 poin di atas tinggal menunggu antrian wisuda<br />informasi antrian wisuda dapat diakses di <a href=""https://filkom.ub.ac.id/kemahasiswaan/informasi-wisuda/"" target=""_blank"">https://filkom.ub.ac.id/kemahasiswaan/informasi-wisuda/</a>"
"Keuangan - Cara Daftar Bantuan Kemendikbudristek","Berikut link pengisian Permohonan Bantuan UKT KEMDIKBUDRISTEK Semester Ganjil 2021/2022 <a href=""https://bit.ly/BantUKTKemdikbudUBGanjil2021"">https://bit.ly/BantUKTKemdikbudUBGanjil2021</a> Adapun batas waktu pengisian link tersebut sampai 15 Agustus 2021, pukul 23.59 WIB."
"Keuangan - Bantuan Kemendikbud tidak terverifikasi","Sebagai informasi dari Kemahasiswaan Universitas, Bagi mahasiswa yang mendapat Bantuan Kemendikbud pada semester Ganjil 2020/2021 namun Melakukan Cuti Akademik Pada Semester Genap 2020/2021, maka Bantuan Kemendikbud tsb tidak diberikan pada yang bersangkutan. Apabila kurang jelas dapat menghubungi Kemahasiswaan Universitas."
"Keuangan - Tagihan UKT POtongan 50% Muncul Kembali","Tagihan Potongan 50% Mahasiswa Tingkat akhir yang muncul kembali merupakan tagihan yang akan dihapuskan setelah proses verifikasi dari Universitas jika anda memenuhi semua kriteria yang diberikan. <br />Silahkan cek SIAM anda secara berkala. "
"Keuangan - Sisa tagihan 50%","Tagihan yang tertera pada SIAM saat ini merupakan sisa tagihan Bantuan Potongan 50%, Proses Verifikasi oleh Universitas terkait Bantuan Potongan 50% masih berjalan sampai saat ini, apabila hasil Verifikasi sdra memenuhi Persyaratan Bantuan Potongan 50% maka tagihan tsb akan dihapuskan oleh Universitas. mohon update SIAM secara berkala dan akses informasi penting terkait Bantuan Potongan 50% yang telah tersebar luas."
"Keuangan - Angsur SAP","1. Untuk Angsuran SPP/UKT dapat diangsur sebanyak 2x dalam jangka waktu 1 Semester (Ganjil 2021/2020) 2. Untuk Angsuran SPFP dapat diangsur sebanyak 3x dalam jangka waktu 1 Semester (Ganjil 2021/2020)"
"Kemahasiswaan - KTM Tersedia","KTM Anda sudah tersedia, silahkan diambil pada hari dan jam kerja di bagian informasi gedung F lantai 1 FILKOM UB. Terima kasih "
"Kemahasiswaan- pengajuan ST Dospem dan Reward Prestasi","Bisa diajukan melalui tautan berikut <a href=""https://filkom.ub.ac.id/kemahasiswaan/layanan-kemahasiswaan/"">https://filkom.ub.ac.id/kemahasiswaan/layanan-kemahasiswaan/</a> poin 3 layanan pengajuan reward prestasi.  Harap menyertakan dokumen pendukung sebagai berikut:<br />- form pengajuan reward dari universitas yang sudah diisi (termasuk cantumkan nama dosen pembimbingnya)<br />- sertifikat<br />- ktm<br />- proposal karya (jika ada)<br />- screenshot/ foto saat acara lomba atau pengumuman pemenang Terima kasih"
"Kemahasiswaan - KIP Kuliah","Sampai saat ini belum ada informasi terkait hal tersebut. Merujuk dari website resmi KIP-K diinformasikan bahwa Saat ini KIP-Kuliah dikhususkan untuk calon mahasiswa/lulusan SMA sederajat tahun berjalan atau lulus dua tahun sebelunya. Untuk informasi lebih lanjut tentang KIP-K dapat diakses di tautan berikut <a href=""https://kip-kuliah.kemdikbud.go.id/panduan"">https://kip-kuliah.kemdikbud.go.id/panduan</a>. Harap follow media sosial FILKOM (IG:filkomub), (Twitter:filkomUB) untuk mendapat update informasi terbaru tentang FILKOM UB. Terima kasih."
"Kemahasiswaan - Verifikasi SKM","Untuk dapat diverifikasi silahkan melakukan pengajuan melalui tautan berikut <a href=""https://filkom.ub.ac.id/kemahasiswaan/layanan-kemahasiswaan/"">https://filkom.ub.ac.id/kemahasiswaan/layanan-kemahasiswaan/</a> Terima kasih"
"Akademik_NIP Kajur KPS TIF","Terimakasih telah menghubungi halo filkom,<br />NIP KPS TIF 198907202018031002<br />NIP Kajur TIF 197411182003121002 Terimakasih"
"Kemahasiswaan - Pengajuan ST Dosen Pembimbing Lomba","Jika sudah terlanjur tidak memiliki dosen pembimbing saat lomba, bisa pengajuan ke kemahasiswaan melalui email kemahasiswaan dengan melampirkan dokumen pendukung sbb:<br />1. KTM ketua dan anggota<br />2. sertifikat<br />3. proposal karya (jika ada)<br />4. dokumentasi saat lomba (foto/screenshot saat lomba/saat serah terima penghargaan)<br /> Tapi harap disampaikan untuk selanjutnya saat mengikuti lomba bisa mencari dosen pembimbing terlebih dahulu. Terima kasih "
"Kemahasiswaan - Rekomendasi Magang dan MBKM","Sehubungan dengan pengajuan surat rekomendasi/pengantar magang saat ini sudah ditandatangani oleh bagian Merdeka Belajar - Kampus Merdeka (MBKM).  Cara pengajuannya dengan mengisi permohonan surat rekomendasi di <a href=""https://s.ub.ac.id/2n"">https://s.ub.ac.id/2n</a> dan menghubungi ibu Nesti staf MBKM di nomor 081132007588. Saat ini bagian kemahasiswaan hanya menangani surat pengantar/rekomendasi beasiswa dan lomba.  Terima kasih "
"Akademik : Presensi Perkuliahan","Terima kasih telah menghubungi Halo Filkom,<br />Terkait presensi perkuliahan tidak hadir (sakit,ijin,kep lain ) bisa menghubungi bagian pengajaran Filkom : Bapak Redi (085646667788)/ Bapak David ( 082143159727) dengan melampirkan :<br />- Surat ijin tidak masuk dari mahasiswa<br />- Surat keterangan tambahan misal : surat dokter, surat kegiatan resmi kemahasiswaan, dll Hari kerja aktif (Senin s/d Jumat) Pukul 08:00 s/d 15:00"
"Akademik : Pengambilan Sertifikat TOEFL","Terimakasih telah menghubungi halo filkom, untuk informasi pengambilan sertifikat toefl bisa akses link berikut : <a href=""https://filkom.ub.ac.id/2020/07/22/informasi-pengambilan-sertifikat-toefl/"" target=""_blank"">https://filkom.ub.ac.id/2020/07/22/informasi-pengambilan-sertifikat-toefl/</a> Terima Kasih"
"Akademik : Surat Pengantar Penelitian Skripsi","Terimakasih telah menghubungi halo filkom,<br />Pembuatan Surat Pengantar Penelitian Skripsi bisa akses link berikut : <a href=""https://bit.ly/SuratPengantarPengambilanDataSkripsiTesisFilkom"" target=""_blank"">https://bit.ly/SuratPengantarPengambilanDataSkripsiTesisFilkom</a><br />Terima Kasih"
"Akademik : Surat Aktif Kuliah","Terimakasih telah menghubungi halo filkom,<br />Untuk pengajuan Surat Aktif Kuliah bisa mengakses link berikut : <a href=""https://bit.ly/SuratAktifKuliahFilkom"" target=""_blank"">https://bit.ly/SuratAktifKuliahFilkom</a> Terima Kasih"
"Akademik : Perihal Kehilangan Transkrip Nilai Kuliah","Berikut proses yang diperlukan mahasiswa jika kehilangan transkrip nilai kuliah : 1. Membuat surat permohonan kepada wakil dekan bidang akademik filkom perihal Surat Keterangan Pengganti Transkrip Nilai<br />2. Surat kehilangan dari pihak kepolisian<br />3. Scan transkrip nilai<br />4. Softfile foto 3x4 dengan resolusi tinggi (harus sama seperti yang tertempel di ijazah/transkrip)<br />5. Point 1 sampai 4 dikirim dalam format pdf ke email : <a href=""mailto:akademikfilkom@ub.ac.id"" target=""_blank"">akademikfilkom@ub.ac.id</a> Terima Kasih"
"Akademik : Layanan Akademik","Terimakasih telah menghubungi halo filkom,<br />Berikut kami kirimkan link layanan akademik FILKOM UB <br /><a href=""https://filkom.ub.ac.id/pendidikan/layanan-akademik-filkom-ub/"" target=""_blank"">https://filkom.ub.ac.id/pendidikan/layanan-akademik-filkom-ub/</a> Terimakasih"
"Akademik_Proposal Skripsi di luar Jadwal (J-TIF)","Terimakasih telah menghubungi halo filkom,<br />Pengajuan proposal skripsi di luar jadwal yang ada pada filkom apps pada lingkungan JTIF (TIF dan Tekom), mahasiswa bisa mengajukan pembukaan akses terbatas kepada dosen pembimbing dengan baik dan sopan agar bisa diteruskan oleh dosen pembimbing kepada Ketua Jurusan TIF Terimakasih"
"Akademik_Peminjaman Fasilitas Lab","Terimakasih telah menghubungi halo filkom,<br />Bagi mahasiswa yang mengajukan peminjaman fasilitas Lab bisa mengajukan kepada KaLab dengan persetujuan dosen pembimbing. Terimakasih"
"Akademik_Konversi MK perpindahan prodi","Terimakasih telah menghubungi halo filkom,<br />Sesuai arahan dari pimpinan JTIF, MK wajib dengan kode yang berbeda maka secara otomatis konten nya berbeda, maka mahasiswa tetap menempuh MK wajib tersebut sebagai konsekuensi perpindahan prodi Terimakasih"
"Akademik_Foto Yudisium SC2-18","Terimakasih telah menghubungi halofilkom, <br />- setelah upload foto &amp; KTM pada folder drive, mahasiswa diharapkan tetap mengumpulkan pada filkom lt1 dg memberikan konfirmasi kepada WA center Yudisium<br />- progres yudisium view_mhs FILKOM bisa dilihat pada :<a href=""https://docs.google.com/spreadsheets/d/1nWPCbAI-rnqGNcyLXf8BDk2p5wFHZicmNyjc4ELNCWM/edit?resourcekey&amp;pli=1#gid=1724341464"" target=""_blank"">https://docs.google.com/spreadsheets/d/1nWPCbAI-rnqGNcyLXf8BDk2p5wFHZicmNyjc4ELNCWM/edit?resourcekey&amp;pli=1#gid=1724341464</a> Pengajuan yudisium FILKOM : <br /><a href=""https://docs.google.com/forms/d/18TAxwwMnGuyOrPkDFUz_aopslsVIfKw7vaoCmiMtdQs/viewform?edit_requested=true"" target=""_blank"">https://docs.google.com/forms/d/18TAxwwMnGuyOrPkDFUz_aopslsVIfKw7vaoCmiMtdQs/viewform?edit_requested=true</a> Terimakasih"
"Akademik_Kontak HP Daring KPS TIF & Tekom","Terimakasih telah menghubungi halo filkom,<br />Berikut kami sampaikan no HP Daring KPS pada lingkungan JTIF ;<br />KPS TIF ; 082232641423 (Aditya Bhawiyuga)<br />KPS Tekom ;  085608568510 (Eko Setiawan) Terimakasih"
"Akademik_Pembatalan MK PKL/ Skripsi","Terimakasih telah menghubungi halo filkom,<br />Mahasiswa yang tidak jadi menempuh MK PKL ataupun Skripsi pada SIAM, mahasiswa tetap diperkenankan dengan syarat tidak ada aktivitas PKL/ Skripsi pada semester berjalan (Filkom apps/ skripsi dan PKL) Terimakasih"
"Akademik_Syarat Menempuh MK Lintas Prodi","Terimakasih telah menghubungi halo filkom,<br /> Mahasiswa diijinkan mengambil MK lintas prodi selama dibuka oleh prodi lain (terutama MKU), kebetulan MK kewarganegaraan dibuka maka mhs dipersilahkan mengambil KRS MK tsb pada saat KRS-an ataupun batal tambah (jika terlambat KRS-an)<br />Terimakasih"
"Akademik_Perpindahan Prodi Akreditasi B ke A","Terimakasih telah menghubungi halo filkom,<br />Menyampaikan jawaban dari KPS prodi Sistem Informasi Filkom UB, bahwa mhs ybs tidak diperkenankan melakukan perpindahan prodi ke Sistem Informasi. Perihal yang menyebabkan tidak disetujuinya mhs dalam perpindahan prodi sesuai keterangan pada poin 4 hal 29 Buku Pedoman Akademik FILKOM UB.<br />Berikut kami lampirkan link Buku Pedoman Akademik FILKOM UB terkait Perpindahan Prodi (hal 29) : <a href=""https://filkom.ub.ac.id/profil/dokumen-resmi/"" target=""_blank"">Dokumen Resmi » Fakultas Ilmu Komputer | Universitas Brawijaya (ub.ac.id)</a> Terimakasih"
"Akademik_Perubahan Judul Skripsi Filkom Apps","Terimakasih telah menghubungi halo filkom,<br />Perubahan judul skripsi pada filkom apps bisa dirubah selama belum P2 oleh dosen pembimbing, setelah proses P2 mahasiswa tetap bisa merubah judul pada filkom apps pada saat mendaftar semhas skripsi dan upload dokumen akhir pasca Ujian Skripsi Terimakasih"
"Akademik : Alur Get NIM Mahasiswa FILKOM UB","Terimakasih telah menghubungi halo filkom,<br />Masuk ke info pin (<a href=""https://siam.ub.ac.id/getpin.php"" target=""_blank"">https://siam.ub.ac.id/getpin.php</a>) Masukkan nomor kode pendaftaran pada kolom Nomor Peserta Ujian Masuk dan masukkan tanggal pembayaran, kemudian selesaikan pertanyaan penjumlahan matematis di bawahnya, kemudian klik cari Akan muncul data peserta dan PIN untuk login ke siam Kembali ke <a href=""https://siam.ub.ac.id/"" target=""_blank"">https://siam.ub.ac.id/</a> Gunakan nomor kode pendaftaran di kolom NIM dan PIN di kolom kata sandi, dan klik Masuk Setelah login, Anda akan mendapatkan nomor NIM dan password, namun password ini harus diaktifkan dulu sebelum digunakan Masuk ke <a href=""https://bais.ub.ac.id/"" target=""_blank"">https://bais.ub.ac.id</a>, gunakan nomor NIM dan password yang baru Anda dapatkan Akan muncul kolom-kolom isian untuk aktivasi, isikan email Anda yang biasa digunakan, dan isikan password baru yang bisa Anda ingat, kemudian klik simpan Setelah selesai, logout dari <a href=""https://bais.ub.ac.id/"" target=""_blank"">https://bais.ub.ac.id</a> Kembali ke <a href=""https://siam.ub.ac.id/"" target=""_blank"">https://siam.ub.ac.id</a> Gunakan nomor NIM dan password yang baru Anda isikan di BAIS untuk masuk ke SIAM Harap simpan baik-baik NIM dan password tersebut karena Anda akan terus menggunakannya. Terimakasih"
"Akademik_Prosedur Buka Blokir telat pembayaran & Pengajuan Validasi di luar jadwal","Terimakasih telah menghubungi halo filkom,<br />1. berikut kami kirimkan link prosedur buka blokir terlambat pembayaran poin B<a href=""https://filkom.ub.ac.id/2020/08/18/prosedur-daftar-ulang-mahasiswa-dengan-evaluasi-studi-dan-terlambat-melaksanakan-pembayaran-filkom-ub/"" target=""_blank"">Prosedur Daftar Ulang Mahasiswa dengan Evaluasi Studi dan Terlambat Melaksanakan Pembayaran FILKOM UB » Fakultas Ilmu Komputer | Universitas Brawijaya</a> 2. Berikut kami lampirkan link pengumuman pengajuan validasi dikarenakan terlambat (per 20 Agustus 2021) :<br /><a href=""https://filkom.ub.ac.id/2021/08/21/pengajuan-validasi-untuk-krs-dengan-status-belum-disetujui/"" target=""_blank"">https://filkom.ub.ac.id/2021/08/21/pengajuan-validasi-untuk-krs-dengan-status-belum-disetujui/<br /></a> Mhs tetap mengisi form yg mana ada ttd dosen PA sesuai Form Terimakasih"
"Akademik_Penambahan SKS melebihi batas maksimum MK dari IP Beban (JTIF)","Terimakasih telah menghubungi halo filkom,<br />Berdasar arahan Kaprodi TIF, untuk pengajuan penambahan SKS di luar batas IP Beban adalah Dosen PA menyampaikan kepada KPS.<br />Tugas mahasiswa menginfokan kepada Dosen PA dengan baik dan sopan. Terimakasih"
"Akademik_Validasi dosen PA pada KRS SIAM mahasiswa (masih dalam jadwal)","Terimakasih telah menghubungi halo filkom,<br />MK .... sudah kami masukkan ke SIAM mhs, untuk validasi dosen PA wajib mengajukan sesuai pengumuman pada web filkom<br /><a href=""https://filkom.ub.ac.id/2021/08/21/pengajuan-validasi-untuk-krs-dengan-status-belum-disetujui/"" target=""_blank"">Pengajuan validasi untuk KRS dengan status belum disetujui » Fakultas Ilmu Komputer | Universitas Brawijaya (ub.ac.id)</a> Terimakasih"
"Akademik_Proses sertifikasi IT belum ada jawaban","Terimakasih telah menghubungi halo filkom,<br />Untuk isu seperti di atas bisa mengisi pada Halo SELMA UB jika pada link sertifikasi IT (<a href=""https://sertifikasi.ub.ac.id/"" target=""_blank"">https://sertifikasi.ub.ac.id/</a>) belum menemukan jawaban. Terimakasih"
"Akademik_Prasyarat perpindahan stream/ keminatan","Terimakasih telah menghubungi halo filkom,<br />Sesuai arahan KPS TIF, ""Tidak ada prosedur untuk berpindah stream/keminatan asalkan mampu mengerjakan skripsi sesuai dengan kelayakan dan kecukupan. Silakan bisa kontak ke calon dosen pembimbing di keminatan baru.<br /> Terimakasih"
"Akademik_Pengajuan proposal skripsi di luar jadwal (JTIF)","Terimakasih telah menghubungi halo filkom,<br />Sesuai arahan Kajur TIF, Mahasiswa bisa melakukan pengajuan mandiri melalui dosen pembimbing agar bisa tersampaikan kepada Kajur Terimakasih"
"Akademik_Dosen Pembimbing Ujian Skripsi tidak hadir salah satu","Terimakasih telah menghubungi halo filkom,<br />Untuk pelaksanaan Ujian Skripsi tetap bisa dilaksanakan hanya dengan salah satu dosen pembimbing, tetapi kedua dosen penguji wajib hadir. Bagi dosen pembimbing yg tidak hadir masih tetap bisa mengisi penilaian pada filkom apps. Terimakasih"
"Akademik_Pengajuan Pra-Proposal terkendala","Terimakasih telah menghubungi halo filkom,<br />Sesuai arahan pimpinan JTIF, mahasiswa tetap bisa mengajukan pra proposal skripsi (melalui akun yg gagal sebelumnya) dan proposal (mhs mengajukan ke pembimbing agar pembimbing bisa mengajukan kepada ketua jurusan) Terimakasih"
"Akademik_Tombol ""revisi proposal"" skripsi pada filkom apps","Terimakasih telah menghubungi halo filkom,<br />Silahkan tekan tombol ""lakukan revisi"" warna merah dan ikuti petunjuk berikutnya untuk upload revisi Terimakasih"
"Akademik : Kuota Paket Data","Proses pendaftaran mahasiswa baru/ lama  ke PD DIKTI masih berjalan dan tidak otomatis semua terinput di Sistem sehingga nomor Saudara masih belum mendapat paket Data pada bulan September dan Oktober ini, Kami akan pastikan data saudara terupdate di PD DIKTI sebagai dasar mendapatkan Paket Data pada bulan berikutnya. Terimakasih"
"Akademik : SKL & Transkrip","Terimakasih telah menghubungi halo filkom,<br />Untuk SKL bisa menghubungi WA center Yudisium (081132007577), untuk transkrip bisa input dilink berikut : <a href=""https://bit.ly/TranskripNilaiFilkom"" target=""_blank"">https://bit.ly/TranskripNilaiFilkom</a> (untuk transkrip sementara selama pandemi covid kami kirim melalui email) Terima Kasih"
"Akademik : Transkrip final validasi rektor dan dekan","Terimakasih telah menghubungi halo filkom,<br />Transkrip Final yang sudah divalidasi rektor dan dekan bisa didapatkan setelah wisuda Terimakasih"
"Akademik_Sertifikasi IT","Terimakasih telah menghubungi halo filkom,<br />Informasi sertifikasi IT bisa cek pada laman yang disediakan <a href=""https://sertifikasi.ub.ac.id/""><br />https://sertifikasi.ub.ac.id/</a> Terimakasih"
"Akademik ; Pengambilan Ijazah Non Prosesi","Selamat Pagi, untuk pengambilan hari Senin - Jumat pukul 14.00-15.00 Bisa input dilink berikut : <a href=""https://bit.ly/Pengambilan_Ijazah_Filkom"" target=""_blank"">https://bit.ly/Pengambilan_Ijazah_Filkom</a> Terima kasih"
"Akademik ; Pengajuan Transkrip (keperluan beasiswa, mhs DO, semhas validasi KPS, dll)","Selamat Pagi, bisa akses link berikut : <a href=""https://bit.ly/TranskripNilaiFilkom"" target=""_blank"">https://bit.ly/TranskripNilaiFilkom</a> Terima Kasih"
"Akademik_Pengajuan transkrip validasi KPS - JTIF","Terimakasih telah menghubungi halo filkom,<br />Berikut kami kirimkan link layanan akademik FILKOM UB (JTIF ada pada kolom poin no 13 sebelah kanan)<br /><a href=""https://filkom.ub.ac.id/pendidikan/layanan-akademik/"">https://filkom.ub.ac.id/pendidikan/layanan-akademik/<br /></a> <span style=""color:rgb(0, 0, 0)"">1 permintaan Link transkrip awal (no 13)<br />2 transkrip no 1 dikirimkan ke link berikutnya pada poin yg sama (no 13)<br /></span> <span style=""color:rgb(0, 0, 0)"">Terimakasih</span>"
"Akademik ; Layanan Ruang Baca Filkom UB","Mohon maaf, ruang baca filkom belum bisa melayani secara online. Untuk sementara waktu hanya bisa memberikan opacnya saja melalui : <a href=""http://10.34.15.14/slims7_cendana/"">http://10.34.15.14/slims7_cendana/</a> Catatan :<br />- wajib menggunakan VPN jika diakses di luar UB<br />- kalau Mahasiswa berada di malang, jam operasional layanan Ruang Baca pkl 8.30 sd 15.00<br />- akan tetapi jika tidak di malang dan memerlukan sumber data bisa melakukan pesanan ke petugas, bisa melalui kontak WA di bawah ini :<br />bp Syaifudin : 081555850538<br />bp Pranoe T : 082232834561 terimakasih."
"Akademik_Turnitin (prasyarat s.d melihat hasil turnitin)","Terimakasih telah menghubungi halo filkom,<br />Berikut kami kirimkan link terkait prasyarat pengecekan plagiasi turnitin Filkom UB :<a href=""https://filkom.ub.ac.id/2019/02/01/panduan-pemeriksaan-plagiasi-file-skripsi/"">https://filkom.ub.ac.id/2019/02/01/panduan-pemeriksaan-plagiasi-file-skripsi/</a> Terimakasih"
"Akademik ; Transkrip legalisir","Terimakasih telah menghubungi halo filkom,<br />Jika sudah wisuda : <a href=""https://bit.ly/LegalisirFilkom"" target=""_blank"">https://bit.ly/LegalisirFilkom</a><br />Jjika belum wisuda maka silahkan akses link berkut : <a href=""https://bit.ly/TranskripNilaiFilkom"" target=""_blank"">https://bit.ly/TranskripNilaiFilkom</a> Terima kasih"
"Akademik_Persyaratan Semhas & Ujian Skripsi Filkom","Terimakasih telah menghubungi halo filkom,<br />Persyaratan Semhas dan Ujian Skripsi :<br />1 Mendaftar pada filkom apps<br />2 Mengisi GForm kelengkapan pengajuan semhas (no 15 : <a href=""https://filkom.ub.ac.id/pendidikan/layanan-akademik/"">https://filkom.ub.ac.id/pendidikan/layanan-akademik/</a>) Terimakasih"
"Akademik_Ujian Khusus Filkom UB","Terimakasih telah menghubungi halo filkom,<br />Berikut kami kirimkan link pengajuan Ujian Khusus Filkom UB, jika ditolak oleh KPS akan kami infokan melaui email mahasiswa<br /><a href=""https://s.ub.ac.id/ujiankhususfilkomub"">https://s.ub.ac.id/ujiankhususfilkomub</a> Terimakasih "
"Akademik; Tidak bisa masuk link UAS","Terimakasih telah menghubungi halo filkom,<br />Sesuai arahan dari PSIK ;<br />- kapan pun sebenarnya masih bisa<br />- akun google dan email pastikan menggunakan UB (student)<br />- tidak dianjurkan utk ketik manual, diutamakan copas dari data studio<br />- pastikan tidak ada spasi yg masuk<br />- untuk efisiensi dan efektivitas kegiatan UAS, jika ada kendala lagi terkait join UAS bisa disampaikan ke zoom Posko sesuai pengumuman pada web melalui pengawas UAS<br />Untuk memastikan bisa diberi contoh dari username dan contoh kelas serta enrol yg mau dimasukkan Terimakasih"
"Akademik ; Foto Yudisium","Terimakasih telah menghubungi halo filkom,<br />Pendaftaran yudisium per 29 10 2021 sudah melalui filkom apps, untuk detail foto bisa melihat deskripsi pada pengajuan/ daftar yudisium pada akun filkom apps masing2 :<br />1. Background foto wajib biru terang<br />2. Format Foto wajib DOF<br />3. Tidak memakai kacamata<br />4. Tidak memakai jas almamater<br />5. Wajib menggunakan busana nasional/ kebaya (bagi calon wisudawati) Terimakasih"
"Akademik_Turnitin","Terimakasih telah menghubungi halo filkom,<br />Berikut kami kirimkan link Layanan Plagiasi Turnitin :<br /><a href=""https://filkom.ub.ac.id/layanan-fasilitas/layanan-deteksi-plagiasi/"">https://filkom.ub.ac.id/layanan-fasilitas/layanan-deteksi-plagiasi/</a> Terimakasih"
"Kemahasiswaan - pengambilan KTM","Bisa langsung datang ke ruang kemahasiswaan FILKOM UB di gedung A, ruang A1.5 pada hari dan jam kerja. Harap sebelumnya sudah mengisi form minat bakat melalui tautan berikut <a href=""https://s.id/Bakat_Minat_FILKOM"">s.id/Bakat_Minat_FILKOM</a>. Terima kasih"
"Akademik; Crisis Centre UAS Filkom 2021-1","Terimakasih telah menghubungi halo filkom, <br />Untuk mempercepat progres UAS (sesuai arahan ketua panita UAS), jika ada kendala mahasiswa terkait UAS ; zoom, PIN, jaringan, dll bisa menginfokan kepada bag crisis centre pada hari ini :<br /><a href=""https://univ-brawijaya.zoom.us/j/93004097036?pwd=OVlIM1R5ZmprY0hnTXVUQmppWklaUT09"">https://univ-brawijaya.zoom.us/j/93004097036?pwd=OVlIM1R5ZmprY0hnTXVUQmppWklaUT09</a> Terimakasih "
"Akademik_Perubahan Jurnal JPTIIK ke luar JPTIIK","Terimakasih telah menghubungi halo filkom,<br />Mahasiswa bisa mengisi pada bagian sc2-17 (setelah mahasiswa upload dokumen akhir pada filkom apps) sesuai pengumuman berikut (poin no 4)<br /><a href=""https://filkom.ub.ac.id/2021/04/22/surat-edaran-dekan-tentang-publikasi-jurnal-hasil-skripsi-mahasiswa/"" target=""_blank"">https://filkom.ub.ac.id/2021/04/22/surat-edaran-dekan-tentang-publikasi-jurnal-hasil-skripsi-mahasiswa/</a> Terimakasih"
"Keuangan - Pembayaran diluar Jadwal Registrasi","Pembayaran diluar jadwal registrasi memerlukan konfirmasi ke Bagian Keuangan terlebih dahulu melalui halofilkom.ub.ac.id untuk kami proses pembukaan Sistem Pembayaran, Silahkan mencantumkan Rencana tanggal dan nominal pembayaran disini saat akan membayar angsuran ke 2 dan 3. <br /><br />Terima Kasih"
"Kemahasiswaan- Surat Rekomendasi Beasiswa","Template surat keterangan dapat diunduh di <strong><a href=""https://filkom.ub.ac.id/profil/dokumen-resmi/"">https://filkom.ub.ac.id/profil/dokumen-resmi/</a></strong> Untuk <strong>Surat Keterangan dan Rekomendasi beasiswa</strong> wajib unggah dan mengisi informasi: <ul><li>Surat Keterangan/Rekomendasi yang sudah diisi dan ditandatangani (dapat unduh di <a href=""https://filkom.ub.ac.id/profil/dokumen-resmi/""><strong>https://filkom.ub.ac.id/profil/dokumen-resmi/</strong></a>)</li><li>Nama beasiswa yang akan diajukan</li><li>Sumber informasi beasiswa (cantumkan link informasi)</li></ul>"
"Akademik ; Bebas Pustaka UB","Terimakasih telah menghubungi halo filkom,<br />Surat bebas pustaka UB :<br /><a href=""https://lib.ub.ac.id/berita/panduan-pengurusan-bebas-pustaka-online/"">https://lib.ub.ac.id/berita/panduan-pengurusan-bebas-pustaka-online/</a> Terimakasih"
"Akademik _ Batas akhir pendaftaran semhas/ ujian skripsi","23 12 2021, pkl 23.59<br />Mahasiswa memastikan bahwa sudah mendaftar pada gform (<a href=""https://filkom.ub.ac.id/pendidikan/layanan-akademik/"">https://filkom.ub.ac.id/pendidikan/layanan-akademik/</a> poin no 15) dan filkom apps sesuai pada halaman penjadwalan filkom apps Terimakasih"
"Akademik_Bebas tanggungan Laboratorium FILKOM UB","Terimakasih telah menghubungi halo filkom,<br />Berikut kami kirimkan link pengumuman bebas laboratorium filkom UB :<a href=""https://filkom.ub.ac.id/2021/08/09/pengurusan-bebas-tanggungan-laboratorium-untuk-persyaratan-yudisium-sc2-18/""><br />https://filkom.ub.ac.id/2021/08/09/pengurusan-bebas-tanggungan-laboratorium-untuk-persyaratan-yudisium-sc2-18/</a> Terimakasih"
"Akademik_Form Pasca Ujian Skripsi","Terimakasih telah menghubungi halo filkom,<br />Ujian skripsi yg Anda laksanakan hari ini (28 12 2021) sudah diproses oleh majlis penguji :<br />- form sc2-12 dan sc2-13 sudah bisa didownload di akun masing2 mhs<br />-sc2-16 &amp; sc2-17 (ttd scr daring) bisa diakses/ download setelah mhs unggah dokumen akhir dan disetujui oleh dosen  Terimakasih"
"Akademik_ PKL / MBKM","Terimakasih telah menghubungi halo filkom,<br />Info magang bisa cek web merdeka-filkom.ub.ac.id atau web mbkm kemendikbud.<br />Prosedur PKL silahkan mencari tempat PKL terlebih dahulu kemudian mendaftar untuk diterbitkan surat pengantar melalui web filkom tab layanan akademik.<br />Secara prinsip mahasiswa semester 6 ke atas punya hak untuk ikut mbkm, mhs diharap memastikan terlebih dahulu MK wajib sudah selesai ditempuh Terimakasih"
"Keuangan - Yudisium","Saat ini sedang proses sinkronisasi untuk memproyeksikan mahasiswa yang dapat mendaftar Yudisium maksimal tanggal 11 Januari 2022 untuk penentuan ditagihkan atau tidaknya UKT di Semester Genap 2021/2022"
"Akademik ; Pendaftaran Yudisium Filkom UB","Terimakasih telah menghubungi Halo Filkom, <br />Berikut kami kirimkan link prosedur pendaftaran yudisium Filkom :<br /><a href=""https://filkom.ub.ac.id/pendidikan/prosedur-pelayanan-akademik/yudisium/"">https://filkom.ub.ac.id/pendidikan/prosedur-pelayanan-akademik/yudisium/</a> Terimakasih"
"Akademik; Toefl","Terimakasih telah menghubungi halo filkom,<br />Silahkan bisa menyesuaikan dengan link berikut <a href=""https://blc.ub.ac.id/"" target=""_blank"">https://blc.ub.ac.id/</a> Terimakasih"
"Keuangan: Permasalahan sibaku","Terkait dengan permasalahan pada sistem Informasi Sibaku silahkan sampaikan pada <a href=""https://helpdesk-tik.ub.ac.id/"">https://helpdesk-tik.ub.ac.id/</a> dikarenakan sistem tersebut sepenuhnya di operasikan oleh Universitas."
"Akademik ; Perkuliahan Hybrid","Terimakasih telah menghubungi halo filkom,<br />Berikut kami kirimkan pengumuman universitas dan fakultas :<br /><a href=""https://filkom.ub.ac.id/2022/01/19/perkuliahan-semester-genap-tahun-akademik-2021-2022-di-fakultas-ilmu-komputer-universitas-brawijaya/"">https://filkom.ub.ac.id/2022/01/19/perkuliahan-semester-genap-tahun-akademik-2021-2022-di-fakultas-ilmu-komputer-universitas-brawijaya/</a><br />pendataan fakultas : <a href=""https://filkom.ub.ac.id/2022/01/21/pengumuman-pendataan-mahasiswa-mengikuti-perkuliahan-tatap-muka/"">https://filkom.ub.ac.id/2022/01/21/pengumuman-pendataan-mahasiswa-mengikuti-perkuliahan-tatap-muka/</a><br />Mahasiswa jika tidak mengisi maka dianggap menyetujui perkuliahan Daring bukan Luring Terimakasih"
"Akademik ; Mahasiswa Kritis sudah Ujian - status DO","Terimakasih telah menghubungi halo filkom,<br />Status DO (mahasiswa kritis) saat ini dikarenakan belum mendaftar yudisium dan masa studi telah habis, akan kami bantu untuk pengajuan perubahan ke pusat dengan syarat mahasiswa segera mengajukan yudisium sesuai ketentuan yang ada (filkom apps dan SIAM)<br />SK yudisium akan diajukan kepada keuangan oleh bag akademik untuk pembebasan keuangan pada smt berikutnya (jk telah dianggap mendaftar yudisium pada smt sebelumnya) Terimakasih"
"Akademik ; UKT mhs Ujian skripsi belum yudisium (selain kritis)","Terimakasih telah menghubungi halo filkom,<br />Status Anda per hari ini adalah selesai ujian, belum mendaftar yudisium apps, segera lakukan pendaftaran pada filkom apps jika telah selesai revisi.<br />Proses tagihan pada SIAM bagi mahasiswa 2015 yg belum mendaftar yudisium pada waktu yg telah ditentukan diberlakukan sesuai edaran Rektor no 7078 atau 5287.1 yaitu 50%<br />Berikut kami kirimkan link <a href=""https://ub.ac.id/id/edaran-mengenai-kebijakan-uang-kuliah-tunggal/"">https://ub.ac.id/id/edaran-mengenai-kebijakan-uang-kuliah-tunggal/</a><br /> Terimakasih"
"Akademik_Link Data Uji","Terimakasih telah menghubungi halo filkom,<br />Yang dimaksud adalah Link folder drive dari mahasiswa terkait file unggah data pengujian/ perancangan skripsinya, biasanya pada bab 5-6 kondisional tergantung skripsinya juga Terimakasih"
"Akademik ; Batas SKS Beban Mhs","<figure><img src=""cid:x5ntb0nyinevlh1v7auazrqa3zx92oka"" data-image=""X5nTB0Nyinevlh1v7auAzrqA3zx92OkA"" alt=""image"" /></figure>"
"Akademik ; Batas konversi Nilai ke Huruf","<figure><img src=""cid:rnodgycown0bnec82rianm2_ppcajnim"" data-image=""RNoDgYcOWN0BnEc82RIANM2_PpcAjNIM"" alt=""image"" /></figure>"
"Akademik ; Bantuan UKT","Untuk permohonan pengurangan UKT dilakukan melalui satu pintu pada sibaku.ub.ac.id dan dikarenakan sibaku telah ditutup Saudara disilahkan mengajukan pengurangan UKT di semester berikutnya. Sedangkan untuk pengajuan angsuran disilahkan mengajukan permohonan tertulis ditujukan kepada Wakil Dekan II FILKOM UB. Untuk surat permohonan berupa surat pribadi dan tidak ada format khusus. Silahkan diajukan dengan format rapi dan sopan dan dikirim via halofilkom dengan nomor tiket yang sama."
"Akademik ; FAQ Perkuliahan Hybrid Filkom UB","Terimakasih telah menghubungi halo filkom,<br />Berikut kami kirimkan FAQ Perkuliahan Filkom UB<br /><a href=""https://filkom.ub.ac.id/2022/01/24/faq-seputar-penyelenggaraan-perkuliahan-hybrid-filkom-di-semester-genap-2021-2022/"">https://filkom.ub.ac.id/2022/01/24/faq-seputar-penyelenggaraan-perkuliahan-hybrid-filkom-di-semester-genap-2021-2022/</a> Terimakasih"
"Akademik ; Daftar Ulang","Terimakasih telah menghubungi halo filkom,<br />Berikut kami kirimkan Prosedur Daftar Ulang Mahasiswa smt Genap 2021/2022<br /><a href=""https://filkom.ub.ac.id/2022/01/20/prosedur-daftar-ulang-mahasiswa-semester-genap-ta-2021-2022-filkom-ub/""><br />https://filkom.ub.ac.id/2022/01/20/prosedur-daftar-ulang-mahasiswa-semester-genap-ta-2021-2022-filkom-ub/</a> Terimakasih"
"Akademik ; Permohonan perpanjangan mahasiswa DO diluar skripsi","Sesuai arahan dari Wakil Dekan Bidang Akademik, mahasiswa bisa mencoba mengisi form berikut serta meminta persetujuan rekomendasi dari KPS<br /> Catatan pada bagian bawah form harap dicermati dengan teliti <ul><li>Surat diisi oleh mahasiswa, dan ditandatangani oleh orang tua, mahasiswa, dan meminta juga tandatangan ketua program studi lalu mengumpulkan melalui Google Form atau dikirimkan ke email <a href=""mailto:filkom@ub.ac.id"" target=""_blank"">filkom@ub.ac.id</a></li><li>File disimpan dengan nama file: perpanjangan-prodi-nim dalam format dokumen atau PDF (Kode Prodi: TIF / TKOM / SI / TI / PTI / ILKOM</li></ul>"
"Akademik ; Perkuiahan Hybrid wajib hadir","Sesuai arahan dari WD1, semua perkuliahan secara dasar ya harus datang dan offline, pandemi yang menjadi dasar untuk tdk luring, akan tetapi jika pandemi mulai bisa dinetralisir maka kewajiban mahasiswa ya harus datang.<br />Kalau masih keberatan maka mahasiswa diminta membuat surat keberatan dan bukti dukung tidak bisa luring Terimakasih"
"Akademik : Pendataan Kelas Penuh","Pendataan kelas penuh : <a href=""https://filkom.ub.ac.id/2022/01/30/pendataan-kelas-penuh-semester-genap-2021-2022/"" target=""_blank"">https://filkom.ub.ac.id/2022/01/30/pendataan-kelas-penuh-semester-genap-2021-2022/</a><br /> Terima Kasih"
"Akademik_Validasi KRS JTIF terlambat","Sesuai arahan pimpinan JTIF, mahasiswa diharap mengajukan ttd kepada dosen PA serta diajukan pada Form di bawah ini.<br />Berikut kami kirimkan pengajuan validasi KRS mahasiswa JTIF yang terlambat<br /><a href=""https://s.ub.ac.id/validasikrsjtifterlambat"">https://s.ub.ac.id/validasikrsjtifterlambat</a> Terimakasih"
"Akademik ; Ijazah","Terimakasih telah menghubungi halo filkom,<br />Progres ijazah bisa diakses di <a href=""https://bit.ly/3rBYWFn"" target=""_blank"">https://bit.ly/3rBYWFn</a> Mekasnisme pengambilan bisa mengisi link berikut <a href=""https://forms.gle/TzvYW6iXW2pRM8Ly7"" target=""_blank"">https://forms.gle/TzvYW6iXW2pRM8Ly7</a> Terimakasih "
"Akademik ; Legalisir Ijazah","Terimakasih telah menghubungi halo filkom,<br />Legalisir ijazah ; <a href=""https://bit.ly/LegalisirFilkom"" target=""_blank"">https://bit.ly/LegalisirFilkom</a> Terimakasih"
"Akademik_List Dosen Minat Skripsi","Berikut kami sampaikan nama dosen sesuai minat yang ada pada FILKOM UB (wajib menggunakan email UB/ student) :<br /><a href=""https://docs.google.com/spreadsheets/d/1JxeWGjL-rG_Cz3VwHNOCHUOCrLBmEpIl/edit?usp=sharing&amp;ouid=110337177431172742636&amp;rtpof=true&amp;sd=true"">https://docs.google.com/spreadsheets/d/1JxeWGjL-rG_Cz3VwHNOCHUOCrLBmEpIl/edit?usp=sharing&amp;ouid=110337177431172742636&amp;rtpof=true&amp;sd=true</a> Terimakasih"
"Akademik_Legalisir KHS/ dll DTIF","Terimakasih telah menghubungi halo filkom,<br /> Berikut kami kirimkan link layanan akademik legalisir DTIF FILKOM UB<br /><a href=""https://docs.google.com/forms/d/1xhgJyPQB7OosIU-A2EzqMgfLmu5QJxt6pxj5tBQiBLY/edit"">https://docs.google.com/forms/d/1xhgJyPQB7OosIU-A2EzqMgfLmu5QJxt6pxj5tBQiBLY/edit</a> Terimakasih"
"Akademik; PIN","Terimakasih telah menghubungi halofilkom, Lulusan mulai 28-12-2020 wajib PIN , PIN adalah Penomoran Ijazah Nasional, tahap untuk pengajuan PIN harus dilakukan pelaporan lulus di PDDIKTI, kemudian akan dilakukan pengecekan data antara data di UB dengan di PDDIKTI, sementara belum bisa dilakukan pelaporan data dikarena sedang dilakukan migrasi data PDDIKTI ke server yang baru. Terimakasih"
"Akademik_Tidak bisa mengikuti Perkuliahan Luring/ Hybrid","Terimakasih telah menghubungi halo filkom,<br />Menginfokan terkait perkuliahan yg telah berjalan s.d UTS sekarang, maka jika terdapat mahasiswa dengan kelas non hybrid dan berhalangan untuk mengikuti secara luring dimohon mengisi GForm berikut ini sbg pendataan akademik fakultas s.d jumat 08 04 2022 :<br /><a href=""https://docs.google.com/forms/d/e/1FAIpQLSfN_-ptPujRNgvv9Up9ZnjRp64w8RqeS7_BO4XAhzl95u0HyA/viewform"" target=""_blank"">https://docs.google.com/forms/d/e/1FAIpQLSfN_-ptPujRNgvv9Up9ZnjRp64w8RqeS7_BO4XAhzl95u0HyA/viewform</a> Terimakasih"
"Akademik ; Layanan Akademik"," Terimkasih telah menghubungi halo filkom,<br />Berikut kami kirimkan link layanan akademik filkom UB : <a href=""https://filkom.ub.ac.id/pendidikan/layanan-akademik/"">https://filkom.ub.ac.id/pendidikan/layanan-akademik/</a> Terimakasih "
"Akademik ; Status Wisuda belum valid","Terimakasih telah menghubungi halo filkom,<br />Sesuai prosedur kemahasiswaan Filkom UB, mahasiswa diminta konfirmasi melalui gform pada link berikut <a href=""https://filkom.ub.ac.id/kemahasiswaan/layanan-kemahasiswaan/"" target=""_blank"">https://filkom.ub.ac.id/kemahasiswaan/layanan-kemahasiswaan/</a> Terimakasih"
"Akademik ;  Peminjaman Ijazah","Terimakasih telah menghubungi halofilkom,<br />Berikut kami kirimkan link peminjaman ijazah dari akademik kantor pusat :<a href=""https://ub.ac.id/id/faq/bagaimana-prosedur-peminjaman-ijazah/"" target=""_blank"">https://ub.ac.id/id/faq/bagaimana-prosedur-peminjaman-ijazah/</a> Terimakasih"
"Akademik _ Perubahan Judul Skripsi","Terimakasih telah menghubungi halo filkom,<br />Perubahan Judul skripsi bisa dilakukan pada saat :<br />- sebelum P2 bisa melalui masing masing dosen pembimbing<br />- setelah P2 bisa langsung unggah pada kolom Judul saat akan melakukan pendaftaran Semhas<br />- setelah ujian sidang bisa saat upload dokumen akhir Terimakasih"
"Akademik ; Tidak bisa mengikuti UAS Luring dan Terpadu","Terimakasih telah menghubungi HaloFIlkom, <br />Berdasar arahan panita UAS Filkom 2021-2<br />Prasyarat tidak bisa mengikuti UAS Luring (Informasi ini tidak boleh disebar ke mahasiswa lain) :<br />- Surat Keterangan Sakit dari Rumah Sakit terdekat, atau<br />- Surat Tugas tingkat Fakultas/ Universitas, atau<br />- Surat Keterangan Orangtua beserta alasan (wajib materai) -&gt; jika memungkinkan akan dilaksanakan UAS Daring sesuai jadwal UAS MK tersebut<br />Surat tersebut di atas bisa disampaikan pada ticket ini Terimakasih"
"Akademik; SKL dan transkrip sementara","Terimakasih telah menghubungi halo filkom,<br />- Untuk permintaan SKL dimohon menghubungi WA Center Yudisium sembari kami infokan kepada operator juga<br />- Transkrip <a href=""https://bit.ly/TranskripNilaiFilkom"" target=""_blank"">https://bit.ly/TranskripNilaiFilkom</a> Terimakasih"
"Akademik_Revisi Skripsi","Terimakasih telah menghubungi halofilkom,<br />Mahasiswa pasca Ujian Skripsi bisa memproses :<br />1 Pengajuan ttd dosen pembimbing<br />2 Pengajuan validasi lembar pengesahan pada ketua Departemen melalui link layanan akademik<br />3 Mahasiswa unggah dokumen akhir yg telah divalidasi oleh Ketua Departemen melalui filkom apps (tombol upload dokumen akhir) Terimakasih"
"Keuangan - KIPK","Sampai saat ini kami masih mengikuti Panduan KIP Kuliah dari Kemdikbud yang dapat diakses di tautan berikut <a href=""https://kip-kuliah.kemdikbud.go.id/panduan"" target=""_blank"">https://kip-kuliah.kemdikbud.go.id/panduan</a>. Bahwa saat ini KIP-Kuliah dikhususkan untuk <strong>calon mahasiswa/lulusan SMA sederajat</strong> tahun berjalan atau lulus dua tahun sebelumnya. Tapi terkait hal ini juga sudah kami tanyakan ke rektorat. Data anda sudah kami simpan. Akan kami hubungi jika ada perubahan informasi/ketentuan lebih lanjut.<br /> Terima kasih<br /> <br /> "
"Akademik_layanan kemahasiswaan","Berikut kami sampaikan link layanan kemahasiswaan untuk keperluan tiap poin :<br /><a href=""https://filkom.ub.ac.id/kemahasiswaan/layanan-kemahasiswaan/"">https://filkom.ub.ac.id/kemahasiswaan/layanan-kemahasiswaan/</a> Terimakasih"
"Akademik_Edaran Skripsi","Terimakasih telah menghubungi halo filkom,<br />SIlahkan menyesuaikan dengan edaran fakultas berikut :<br /><a href=""https://drive.google.com/file/d/1qpn3JLt2YWPVdZXcFa3dip792iPFXPxT/view"">https://drive.google.com/file/d/1qpn3JLt2YWPVdZXcFa3dip792iPFXPxT/view</a> (poin D2) dan<br /><a href=""https://filkom.ub.ac.id/2022/06/16/informasi-update-sistem-skripsi-dan-yudisium-fakultas-ilmu-komputer-universitas-brawijaya/"">https://filkom.ub.ac.id/2022/06/16/informasi-update-sistem-skripsi-dan-yudisium-fakultas-ilmu-komputer-universitas-brawijaya/</a> (poin no 3)<br /> Terimakasih"
"Akademik_Pengajuan nilai praktikum","Berikut kami kirimkan link layanan pengajuan nilai praktikum Filkom UB :<br /><a href=""https://docs.google.com/forms/u/3/d/1xQjJhWAdUx0SrE0pvTVKyxifwK4nVx5pUNdewjZHgWk/edit?usp=drive_web"">https://docs.google.com/forms/u/3/d/1xQjJhWAdUx0SrE0pvTVKyxifwK4nVx5pUNdewjZHgWk/edit?usp=drive_web</a> Terimakasih"
"Akademik_KKN 2020","Sosialisasi : <a href=""https://filkom.ub.ac.id/2022/06/23/pengumuman-jadwal-sosialisasi-danpembekalan-kkn-secara-luring-tahun-2022/"" target=""_blank"">https://filkom.ub.ac.id/2022/06/23/pengumuman-jadwal-sosialisasi-danpembekalan-kkn-secara-luring-tahun-2022/</a> Tata tertib : <a href=""https://kkn-filkom.ub.ac.id/article/tata-tertib-pembekalan-kkn-filkom-2022"" target=""_blank"">https://kkn-filkom.ub.ac.id/article/tata-tertib-pembekalan-kkn-filkom-2022</a> Terimakasih"
"Akademik_Pendaftaran seminar hasil/ ujian skripsi FIlkom UB","Terimakasih telah menghubungi halofilkom, Pendaftaran Semhas/ Ujian skripsi FIlkom UB :<br />1 wajib mendaftar pada akun filkom apps masing masing<br />2 wajib submit GForm layanan akademik poin 15 (cek deskripsi Form) perihal semhas <a href=""https://filkom.ub.ac.id/pendidikan/layanan-akademik/"">https://filkom.ub.ac.id/pendidikan/layanan-akademik/</a> Terimakasih"
"Akademik_Nilai PKM - KKN","wa'alaykumussalam<br />Sekedar menginformasikan bahwa nilai Anda adalah B (3.0)<br />Dikarenakan pada semester 2021-2 Anda sudah menempuh 21 sks sedangkan sks MK PKM (KKN) adalah 4 sks, maka Anda bisa entry KRS PKM pada semester berikutnya Terimakasih"
"PSIK : Permasalahan telah diproses (Tiket ditutup)","Tiket kami tutup karena permasalahan telah terselesaikan. Terima kasih telah menghubungi HaloFILKOM"
"Akademik_nilai MBKM belum keluar 2021-2","Selamat Pagi,<br /><br />Bagi mahasiswa yang pada semester genap 2021/2022 lalu juga mengikuti kegiatan MBKM maka nilai IPK yang tertera pada sistem dikti adalah nol. Hal ini dikarenakan Evaluasi Akhir Semester (EAS) belum dilaksanakan sehingga nilai belum bisa diinputkan."
"Akademik_perpanjangan skripsi","Selamat siang<br /> Evaluasi Akhir Semester bagi mahasiswa yang memprogram skripsi adalah sebagai berikut (mengacu pada edaran Dekan No 5582/UN10.F15/PP/2020) : <ol><li>Mahasiswa yang telah melakukan Pendaftaran Seminar Hasil tetapi belum melakukan Seminar Hasil dan Sidang Skripsi maka dapat diberikan perpanjangan secara otomatis pada Semester berikutnya</li><li>Mahasiswa yang telah menyelesaikan Progres P2 (dengan nilai &gt;= 75) maka dapat diberikan perpanjangan 1 semester secara otomatis pada Semester berikutnya, <strong>jika sebelumnya belum mendapatkan perpanjangan</strong></li><li>Mahasiswa yang telah menyelesaikan Progres P1 (dengan nilai &gt;= 75) maka dapat diberikan perpanjangan 1 semester pada Semester berikutnya, <strong>jika mendapatkan persetujuan dari pembimbing skripsi secara manual </strong>(pembimbing memberikan persetujuan melalui FILKOM Apps pada periode Evaluasi Akhir Semester)</li><li>Mahasiswa yang belum menyelesaikan Progres P1 dan atau tidak memenuhi sesuai ketentuan 1 sampai 3 maka dinyatakan Gagal dan harus mengulang proses pengerjaan skripsi dari awal (pra-proposal).</li></ol> Evaluasi Akhir Semester akan dilaksanakan pada batas akhir Semester Aktif Terima kasih"
"Akademik; Perpanjangan Masa Studi Filkom 2022/ 2023 Ganjil","Terimakasih telah menghubungi halofilkom, <br />Mahasiswa bisa segera mengisi GForm perpanjangan berikut :<br /><a href=""https://docs.google.com/forms/d/1ESYZRIjLZJAHMxWCZgJQsiiT0uODi8RM_UVvoqdfVSI/edit"">https://docs.google.com/forms/d/1ESYZRIjLZJAHMxWCZgJQsiiT0uODi8RM_UVvoqdfVSI/</a> Terimakasih"
"Akademik_Alur Pasca Ujian Skripsi","Panduan mahasiswa telah lulus Ujian Skripsi ;<br />1 Mahasiswa melakukan revisi sesuai arahan dari dosen majlis Ujian Skripsi serta permintaan ttd Lembar Pengesahan kpd Pembimbing<br />2 Mahasiswa mengajukan validasi Lembar Pengesahan kpd Departemen melalui link layanan akademik poin no 21<br />(filkom apps&gt;pendidikan&gt;layanan akademik)<br />3 Mahasiswa upload dokumen akhir pada tombol yg tertera pada filkom apps masing masing<br />4 Mahasiswa melakukan pendaftaran yudisium pada filkom apps masing masing<br />5 Mahasiswa konfirmasi ke WA center yudisium (081132007577) jika status filkom apps sudah penjadwalan yudisium agar dimasukkan ke dalam grup WAG yudisium periode yang ada<br />6 Operator yudisium akan konfirmasi terkait draft transkrip kpd mahasiswa (pernyataan mahasiswa) <br />7 Nilai dientry oleh petugas yudisium (mohon konfirmasi ke WA center yudisium secara berkala jika poin no 6 sudah terlaksana)<br />8 Mahasiswa unggah kelengkapan yudisium dan wisuda pada SIAM jika nomor 7 sudah terlaksana Terimakasih"
"Akademik_Mhs Kritis Ujian sblm 21-07-2022 Yudisium","Terimakasih telah menghubungi HaloFilkom,<br />-Bagi mahasiswa kritis (2014 &amp; 2015) yang telah habis masa studi dan telah melaksanakan Ujian Skripsi s.d batas yang telah ditentukan oleh Fakultas pada periode 2021-Genap ini, maka secara otomatis diikutkan peserta Yudisium pada periode SK 2021-Genap menyesuaikan dengan edaran dekan <a href=""https://filkom.ub.ac.id/2022/06/16/informasi-update-sistem-skripsi-dan-yudisium-fakultas-ilmu-komputer-universitas-brawijaya/"">https://filkom.ub.ac.id/2022/06/16/informasi-update-sistem-skripsi-dan-yudisium-fakultas-ilmu-komputer-universitas-brawijaya/</a><br />-Mahasiswa tetap diwajibkan pengajuan pembebasan UKT pada ticket HaloFilkom perihal Keuangan sebagai antisipasi keluarnya tagihan secara mendadak (Jika tagihan by system TIK Pusat (2022-Ganjil) muncul lebih awal saat masa transisi semester, SK Internal Fakultas akan diajukan kepada bagian keuangan untuk pembebasan UKT mhs pada smt berikutnya 2022-Ganjil)<br />-Mahasiswa tetap diwajibkan memproses persyaratan yudisium dan wisuda segera mungkin pada akun filkom apps dan SIAM masing masing untuk membantu proses berikutnya (penerbitan SKL dll)<br />-Mahasiswa yang belum menyelesaikan berkas kelengkapan yudisium (filkom apps &amp; SIAM) tidak bisa menerima berkas SKL maupun Ijazah/ Tranksrip<br /> Terimakasih"
"Akademik_Ujian Skripsi 2021-2 ; Pendaftaran yudisium NON KRITIS 2021-2 (2022-1)","Terimakasih telah menghubungi halofilkom, <br />Bagi mahasiswa yang telah melaksanakan ujian skripsi melebihi tanggal 21 Juli 2022 tidak diakui sebagai pendaftar yudisium periode 2021-Genap (sesuai edaran dekan), untuk progres berikutnya mahasiswa :<br />- Memastikan perihal UKT di periode berikutnya (2022-Ganjil) dengan cara mengisi ticket baru perihal/ help topic : keuangan<br />(angsuran, penundaan, dll)<br />- Set KRS Skripsi pada smt 2022- Ganjil<br />- Segera melakukan pendaftaran yudisium pada Filkom Apps dan SIAM<br /><br />Terimakasih"
"Akademik_templates DTIF","Terimakasih telah menghubungi halofilkom,<br />Berikut kami kirimkan link layanan akademik terkait template DTIF (PKL, Skripsi dll) ; <a href=""https://s.ub.ac.id/templates-jtif""><br />https://s.ub.ac.id/templates-jtif</a> Terimakasih"
"Akademik_Validasi Wisuda Kemahasiswaan (Jurnal, TOEFL, TI)","Mohon mahasiswa bisa mengisi &amp; menyesuaikan dengan GForm Layanan Kemahasiswaan ;<a href=""https://filkom.ub.ac.id/kemahasiswaan/layanan-kemahasiswaan/"">https://filkom.ub.ac.id/kemahasiswaan/layanan-kemahasiswaan/</a> (validasi data wisuda) Terimakasih"